description;volume;page;plate;polygon;link;angleOfView;coord-x;coord-y;height-percent;extent-width;extent-height-percent
Herauskommen aus dem Palast;7;042;;59,1335,77,1368;Chassinat/7_042.jpg;90;114;699.95;33.75;9.59;11.25
Den Gott preisen;7;092;;80,1335,98,1368;Chassinat/7_092.jpg;90;114;699.95;60;9.59;11.25
Hetes-Symbol darbringen;7;135;;101,1336,119,1368;Chassinat/7_135.jpg;90;114;700.24;86.25;9.3;11.25
Den Strick spannen;7;044;;59,1291,77,1333;Chassinat/7_044.jpg;90;114;677;33.75;12.2;11.25
Men-Krug der Hathor darbringen;7;093;;80,1305,98,1333;Chassinat/7_093.jpg;90;114;681.06;60;8.14;11.25
Manchet-Troddel darbringen;7;136;;101,1305,119,1333;Chassinat/7_136.jpg;90;114;681.06;86.25;8.14;11.25
Kranz der Rechtfertigung darbringen;7;094;;79,1270,98,1302;Chassinat/7_094.jpg;90;114;661.89;59.38;9.3;11.88
Den Gott sehen;7;137;;101,1270,119,1302;Chassinat/7_137.jpg;90;114;661.89;86.25;9.3;11.25
Die Erde aufhacken;7;045;;59,1237,77,1267;Chassinat/7_045.jpg;90;114;642.13;33.75;8.72;11.25
Udjat-Auge aus Gold darreichen;7;095;;80,1236,98,1268;Chassinat/7_095.jpg;90;114;642.13;60;9.3;11.25
Maat darbringen;7;138;;101,1237,119,1267;Chassinat/7_138.jpg;90;114;642.13;86.25;8.72;11.25
Den Fundamentgraben füllen;7;046;;59,1202,77,1234;Chassinat/7_046.jpg;90;114;622.37;33.75;9.3;11.25
Ober- und Unterägypten darbringen;7;095;;80,1202,98,1234;Chassinat/7_095.jpg;90;114;622.37;60;9.3;11.25
Heh mit Leben, Dauer und Kraft darbringen;7;138;;100,1202,119,1234;Chassinat/7_138.jpg;90;114;622.37;85.63;9.3;11.88
17 Ziegel darbringen;7;047;;59,1182,77,1200;Chassinat/7_047.jpg;90;114;606.68;33.75;5.23;11.25
Kranz aus Elektron darbringen;7;096;;80,1181,98,1200;Chassinat/7_096.jpg;90;114;606.39;60;5.52;11.25
Udjat-Auge darbringen;7;139;;101,1182,119,1200;Chassinat/7_139.jpg;90;114;606.68;86.25;5.23;11.25
Ziegel streichen;7;048;;59,1158,77,1179;Chassinat/7_048.jpg;90;114;593.6;33.75;6.1;11.25
???;7;097;;80,1158,98,1179;Chassinat/7_097.jpg;90;114;593.6;60;6.1;11.25
Amulett des Käfers Der-das-Werden-liebt umbinden;7;140;;101,1158,119,1179;Chassinat/7_140.jpg;90;114;593.6;86.25;6.1;11.25
Den Tempel bauen;7;049;;59,1135,77,1155;Chassinat/7_049.jpg;90;114;579.94;33.75;5.81;11.25
Den Himmel stützen;7;098;;80,1135,98,1155;Chassinat/7_098.jpg;90;114;579.94;60;5.81;11.25
Wein darbringen;7;141;;101,1135,119,1155;Chassinat/7_141.jpg;90;114;579.94;86.25;5.81;11.25
Natron streuen;7;050;;59,1102,77,1132;Chassinat/7_050.jpg;90;114;563.67;33.75;8.72;11.25
Stoff darreichen;7;099;;80,1102,98,1132;Chassinat/7_099.jpg;90;114;563.67;60;8.72;11.25
Grillklein darbringen;7;142;;101,1102,119,1132;Chassinat/7_142.jpg;90;114;563.67;86.25;8.72;11.25
Reinigen mit Weihrauch;7;051;;59,1079,77,1099;Chassinat/7_051.jpg;90;114;547.4;33.75;5.81;11.25
Feindfiguren des Apophis vernichten;7;100;;80,1079,98,1099;Chassinat/7_100.jpg;90;114;547.4;60;5.81;11.25
Pfeil und Bogen darbringen;7;143;;101,1078,119,1099;Chassinat/7_143.jpg;90;114;547.11;86.25;6.1;11.25
Reinigen mit vier Nemeset-Krügen mit Wasser;7;052;;59,1056,77,1076;Chassinat/7_052.jpg;90;114;534.03;33.75;5.81;11.25
Papyrus und Gänse herbeibringen;7;101;;80,1056,98,1076;Chassinat/7_101.jpg;90;114;534.03;60;5.81;11.25
Krone aufsetzen;7;144;;101,1056,119,1076;Chassinat/7_144.jpg;90;114;534.03;86.25;5.81;11.25
Reinigen mit vier Descheret-Krügen mit Wasser;7;053;;59,1035,77,1053;Chassinat/7_053.jpg;90;114;521.25;33.75;5.23;11.25
Beste ausgelöste Fleischstücke herbeibringen;7;102;;80,1035,98,1053;Chassinat/7_102.jpg;90;114;521.25;60;5.23;11.25
Zwei Gänse und zwei Opferbrote darreichen;7;145;;101,1035,119,1053;Chassinat/7_145.jpg;90;114;521.25;86.25;5.23;11.25
Reinigen mit fünf Körnern Natrons aus Elkab;7;054;;59,1002,77,1032;Chassinat/7_054.jpg;90;114;505.56;33.75;8.72;11.25
Feigen darbringen;7;103;;80,1001,98,1032;Chassinat/7_103.jpg;90;114;505.27;60;9.01;11.25
Amulette darreichen;7;146;;101,1002,119,1032;Chassinat/7_146.jpg;90;114;505.56;86.25;8.72;11.25
???;7;055;;58,981,77,999;Chassinat/7_055.jpg;90;114;489.87;33.13;5.23;11.88
Die beiden Sistren spielen;7;104;;80,980,98,999;Chassinat/7_104.jpg;90;114;489.58;60;5.52;11.25
Halskragen umbinden;7;147;;101,981,119,999;Chassinat/7_147.jpg;90;114;489.87;86.25;5.23;11.25
Das Haus seinem Herrn übergeben;7;056;;59,959,77,978;Chassinat/7_056.jpg;90;114;477.37;33.75;5.52;11.25
Schaut-Kuchen darbringen;7;105;;80,959,98,978;Chassinat/7_105.jpg;90;114;477.37;60;5.52;11.25
Schlachtrind schlachten;7;148;;101,959,119,978;Chassinat/7_148.jpg;90;114;477.37;86.25;5.52;11.25
Maat darbringen;7;057;;59,923,77,956;Chassinat/7_057.jpg;90;114;460.52;33.75;9.59;11.25
Myrrhe darbringen;7;105;;80,926,98,956;Chassinat/7_105.jpg;90;114;461.39;60;8.72;11.25
Nilpferd töten;7;149;;101,928,119,956;Chassinat/7_149.jpg;90;114;461.97;86.25;8.14;11.25
Ausgelöste Fleischstücke darbringen;7;107;;86,894,98,925;Chassinat/7_107.jpg;90;114;443.08;63.75;9.01;7.5
Feind töten;7;149;;101,894,119,925;Chassinat/7_149.jpg;90;114;443.08;86.25;9.01;11.25
Eine Wasserspende darbringen;7;058;;59,872,77,894;Chassinat/7_058.jpg;90;114;427.68;33.75;6.39;11.25
Weihräuchern;7;108;;80,872,98,891;Chassinat/7_108.jpg;90;114;426.81;60;5.52;11.25
Alle guten Speisen darbringen;7;150;;101,872,119,891;Chassinat/7_150.jpg;90;114;426.81;86.25;5.52;11.25
Myrrhe, die auf der Glut ist, darbringen;7;059;;59,839,77,869;Chassinat/7_059.jpg;90;114;410.83;33.75;8.72;11.25
Doppelfeder darbringen;7;109;;80,839,98,869;Chassinat/7_109.jpg;90;114;410.83;60;8.72;11.25
Krokodil töten;7;151;;101,839,119,869;Chassinat/7_151.jpg;90;114;410.83;86.25;8.72;11.25
Das Hetep-di-nisut-Opfer vollziehen;7;060;;59,818,77,836;Chassinat/7_060.jpg;90;114;395.14;33.75;5.23;11.25
Oryx-Antilope töten;7;110;;80,818,98,836;Chassinat/7_110.jpg;90;114;395.14;60;5.23;11.25
Peseschkef darbringen;7;152;;101,818,119,836;Chassinat/7_152.jpg;90;114;395.14;86.25;5.23;11.25
Ausgewählte Fleischstücke auf die Flamme legen;7;061;;59,787,77,815;Chassinat/7_061.jpg;90;114;380.03;33.75;8.14;11.25
Anch-Djed-Was darreichen;7;111;;80,787,98,815;Chassinat/7_111.jpg;90;114;380.03;60;8.14;11.25
Kleiderkästen herbeiziehen;7;153;;101,787,119,815;Chassinat/7_153.jpg;90;114;380.03;86.25;8.14;11.25
Einen Stabstrauß darbringen;7;062;;59,755,77,784;Chassinat/7_062.jpg;90;114;361.72;33.75;8.43;11.25
Apophis töten;7;112;;80,755,98,784;Chassinat/7_112.jpg;90;114;361.72;60;8.43;11.25
Den Gott preisen;7;154;;101,755,119,784;Chassinat/7_154.jpg;90;114;361.72;86.25;8.43;11.25
Ein Amulett umbinden;7;064;;59,724,77,752;Chassinat/7_064.jpg;90;114;343.42;33.75;8.14;11.25
Maat darbringen;7;113;;80,724,98,752;Chassinat/7_113.jpg;90;114;343.42;60;8.14;11.25
Die vier Kälber treiben;7;155;;101,724,119,752;Chassinat/7_155.jpg;90;114;343.42;86.25;8.14;11.25
Milch darbringen;7;065;;59,693,77,721;Chassinat/7_065.jpg;90;114;325.4;33.75;8.14;11.25
Bestandteile des Totenopfers rezitieren;7;114;;80,693,98,721;Chassinat/7_114.jpg;90;114;325.4;60;8.14;11.25
Apophis töten;7;156;;101,693,119,721;Chassinat/7_156.jpg;90;114;325.4;86.25;8.14;11.25
Ein großes Speiseopfer darbringen;7;066;;59,663,77,690;Chassinat/7_066.jpg;90;114;307.68;33.75;7.85;11.25
Lattich darreichen;7;115;;79,663,98,690;Chassinat/7_115.jpg;90;114;307.68;59.38;7.85;11.88
Stoff darbringen;7;157;;101,663,119,690;Chassinat/7_157.jpg;90;114;307.68;86.25;7.85;11.25
Ein Henket-Opfer darbringen;7;067;;59,622,77,660;Chassinat/7_067.jpg;90;114;287.05;33.75;11.04;11.25
Schedeh-Wein darreichen;7;117;;80,622,98,660;Chassinat/7_117.jpg;90;114;287.05;60;11.04;11.25
Schildkröte töten;7;159;;101,622,119,660;Chassinat/7_159.jpg;90;114;287.05;86.25;11.04;11.25
Das Gottesopfer reinigen;7;068;;59,580,77,619;Chassinat/7_068.jpg;90;114;262.93;33.75;11.33;11.25
Räuchern und Libieren für die Nekropolengötter von Behedet;7;118;;80,580,98,619;Chassinat/7_118.jpg;90;114;262.93;60;11.33;11.25
Großes Speiseopfer darbringen;7;160;;101,580,119,619;Chassinat/7_160.jpg;90;114;262.93;86.25;11.33;11.25
Ein Weißbrot weihen;7;070;;59,559,77,577;Chassinat/7_070.jpg;90;114;244.62;33.75;5.23;11.25
Wasser libieren;7;119;;80,559,98,577;Chassinat/7_119.jpg;90;114;244.62;60;5.23;11.25
Die Bewohner Asiens töten;7;161;;101,559,119,577;Chassinat/7_161.jpg;90;114;244.62;86.25;5.23;11.25
Das Feld darreichen;7;071;;59,538,77,556;Chassinat/7_071.jpg;90;114;232.42;33.75;5.23;11.25
Halskragen umbinden;7;120;;80,538,98,556;Chassinat/7_120.jpg;90;114;232.42;60;5.23;11.25
Lotusblüte darbringen;7;162;;101,538,119,556;Chassinat/7_162.jpg;90;114;232.42;86.25;5.23;11.25
Einen Kuchen darreichen;7;072;;59,507,77,535;Chassinat/7_072.jpg;90;114;217.31;33.75;8.14;11.25
Die beiden Herrinnen darbringen;7;121;;80,507,98,535;Chassinat/7_121.jpg;90;114;217.31;60;8.14;11.25
Udjat-Auge darbringen;7;163;;101,507,120,535;Chassinat/7_0163.jpg;90;114;217.31;86.88;8.14;11.88
Ausgewählte Fleischstücke weihen;7;073;;59,488,77,504;Chassinat/7_073.jpg;90;114;202.78;33.75;4.65;11.25
Traube-in-Saft-Getränk darbringen;7;122;;80,488,98,504;Chassinat/7_122.jpg;90;114;202.78;60;4.65;11.25
Wild der Wüste herbeiführen;7;164;;101,488,119,504;Chassinat/7_164.jpg;90;114;202.78;86.25;4.65;11.25
Gaben auf den Altar legen;7;074;;59,467,77,485;Chassinat/7_074.jpg;90;114;191.16;33.75;5.23;11.25
Milch darbringen;7;123;;80,467,98,485;Chassinat/7_123.jpg;90;114;191.16;60;5.23;11.25
Die Rote Krone darbringen;7;165;;101,467,119,485;Chassinat/7_165.jpg;90;114;191.16;86.25;5.23;11.25
Wein darbringen;7;075;;59,438,77,464;Chassinat/7_075.jpg;90;114;176.63;33.75;7.55;11.25
Eine Schar Gänse darbringen;7;124;;80,438,98,464;Chassinat/7_124.jpg;90;114;176.63;60;7.55;11.25
Libation darbringen;7;165;;100,438,119,464;Chassinat/7_165.jpg;90;114;176.63;85.63;7.55;11.88
Salbe darreichen;7;076;;59,408,77,435;Chassinat/7_076.jpg;90;114;159.48;33.75;7.85;11.25
Doppelkrone darbringen;7;125;;80,407,98,435;Chassinat/7_125.jpg;90;114;159.19;60;8.14;11.25
Wein darbringen;7;166;;101,408,119,435;Chassinat/7_166.jpg;90;114;159.48;86.25;7.85;11.25
Den Sitz des Horus reinigen;7;077;;59,387,77,405;Chassinat/7_077.jpg;90;114;144.66;33.75;5.23;11.25
Schreibpalette und Wassernapf darbringen;7;126;;80,387,98,405;Chassinat/7_126.jpg;90;114;144.66;60;5.23;11.25
Nehes (Seth) erstechen;7;167;;101,387,119,405;Chassinat/7_167.jpg;90;114;144.66;86.25;5.23;11.25
Lotus darbringen;7;078;;59,366,77,384;Chassinat/7_078.jpg;90;114;132.46;33.75;5.23;11.25
Reine Fleischstücke darreichen;7;127;;80,366,98,384;Chassinat/7_127.jpg;90;114;132.46;60;5.23;11.25
Auf das Nilpferd schießen;7;168;;101,366,119,384;Chassinat/7_168.jpg;90;114;132.46;86.25;5.23;11.25
Opfer herbeibringen;7;079;;59,335,77,363;Chassinat/7_079.jpg;90;114;117.35;33.75;8.14;11.25
Heh darreichen;7;128;;80,335,98,363;Chassinat/7_128.jpg;90;114;117.35;60;8.14;11.25
Feigen und Honig überreichen, Wein darbringen;7;169;;101,335,119,363;Chassinat/7_169.jpg;90;114;117.35;86.25;8.14;11.25
Zweige von Ima- und Ischedbäumen darbringen;7;080;;59,304,77,332;Chassinat/7_080.jpg;90;114;99.33;33.75;8.14;11.25
Den Himmel stützen;7;129;;80,304,98,332;Chassinat/7_129.jpg;90;114;99.33;60;8.14;11.25
Die beiden Uräusschlangen darbringen;7;170;;101,304,119,332;Chassinat/7_170.jpg;90;114;99.33;86.25;8.14;11.25
Den Strauß der Sechet darbringen;7;081;;59,282,77,301;Chassinat/7_081.jpg;90;114;83.93;33.75;5.52;11.25
Myrrhe räuchern;7;130;;80,282,98,301;Chassinat/7_130.jpg;90;114;83.93;60;5.52;11.25
Weihräuchern;7;171;;101,282,119,301;Chassinat/7_171.jpg;90;114;83.93;86.25;5.52;11.25
Junge Pflanzen darbringen;7;082;;59,253,77,279;Chassinat/7_082.jpg;90;114;69.11;33.75;7.55;11.25
Abebet-Harpune darreichen;7;131;;80,253,98,279;Chassinat/7_131.jpg;90;114;69.11;60;7.55;11.25
Den Falken-des-Goldes herbeibringen;7;172;;101,252,120,279;Chassinat/7_172.jpg;90;114;68.82;86.88;7.85;11.88
Gerste und Emmer darbringen;7;083;;59,232,77,250;Chassinat/7_083.jpg;90;114;54.59;33.75;5.23;11.25
Wenescheb hochreichen;7;132;;79,231,98,250;Chassinat/7_132.jpg;90;114;54.3;59.38;5.52;11.88
Papyrus- und Hen-Pflanzen darbringen;7;173;;101,232,119,250;Chassinat/7_173.jpg;90;114;54.59;86.25;5.23;11.25
Das Siegesschwert überreichen;7;084;;58,200,77,230;Chassinat/7_084.jpg;90;114;39.48;33.13;8.72;11.88
Sistrum erklingen lassen;7;133;;79,200,98,230;Chassinat/7_133.jpg;90;114;39.48;59.38;8.72;11.88
Die beiden Sistren spielen;7;174;;100,199,119,230;Chassinat/7_174.jpg;90;114;39.19;85.63;9.01;11.88
Das Feld darreichen;7;085;;58,167,77,197;Chassinat/7_085.jpg;90;114;20.3;33.13;8.72;11.88
Heh darbringen;7;134;;79,167,98,197;Chassinat/7_134.jpg;90;114;20.3;59.38;8.72;11.88
Manedjet-Barke herbeibringen;7;174;;100,167,119,197;Chassinat/7_174.jpg;90;114;20.3;85.63;8.72;11.88
Gott anbeten;7;087;;122,104,159,164;Chassinat/7_087.jpg;180;134.97;11;58.97;19.89;38.46
Wein und Milch darreichen;7;088;;162,104,199,164;Chassinat/7_088.jpg;180;177.98;11;58.97;19.89;38.46
Maat darreichen;7;090;;202,104,239,164;Chassinat/7_090.jpg;180;220.99;11;58.97;19.89;38.46
Maat darreichen;7;254;;242,104,279,164;Chassinat/7_254.jpg;180;264.01;11;58.97;19.89;38.46
Weihräuchern;7;252;;282,104,319,164;Chassinat/7_252.jpg;180;307.02;11;58.97;19.89;38.46
Feld darreichen;7;251;;322,104,359,164;Chassinat/7_251.jpg;180;350.03;11;58.97;19.89;38.46
;7;330;;362,167,380,197;Chassinat/7_330.jpg;270;371;20.3;85.9;8.72;11.54
Heh darbringen;7;295;;383,166,401,197;Chassinat/7_295.jpg;270;371;20.01;58.97;9.01;11.54
Feld darreichen;7;246;;404,167,422,197;Chassinat/7_246.jpg;270;371;20.3;32.05;8.72;11.54
Die beiden Sistren spielen;7;329;;362,200,380,229;Chassinat/7_329.jpg;270;371;39.19;85.9;8.43;11.54
Sachmet besänftigen;7;294;;383,200,401,229;Chassinat/7_294.jpg;270;371;39.19;58.97;8.43;11.54
Feld darreichen;7;246;;404,200,422,229;Chassinat/7_246.jpg;270;371;39.19;32.05;8.43;11.54
;7;329;;362,232,380,250;Chassinat/7_329.jpg;270;371;54.59;85.9;5.23;11.54
Wenescheb darbringen;7;293;;382,232,401,250;Chassinat/7_293.jpg;270;371;54.59;59.62;5.23;12.18
Gerste und Emmer darbringen;7;242;;404,232,422,250;Chassinat/7_242.jpg;270;371;54.59;32.05;5.23;11.54
;7;328;;362,253,380,279;Chassinat/7_328.jpg;270;371;69.11;85.9;7.55;11.54
Abebet-Harpune darreichen;7;292;;383,253,401,279;Chassinat/7_292.jpg;270;371;69.11;58.97;7.55;11.54
Gerste und Emmer darbringen;7;242;;404,253,422,279;Chassinat/7_242.jpg;270;371;69.11;32.05;7.55;11.54
;7;328;;362,282,380,301;Chassinat/7_328.jpg;270;371;83.93;85.9;5.52;11.54
Weihräuchern;7;291;;383,282,401,301;Chassinat/7_291.jpg;270;371;83.93;58.97;5.52;11.54
;7;239;;404,282,422,301;Chassinat/7_239.jpg;270;371;83.93;32.05;5.52;11.54
;7;328;;362,304,380,332;Chassinat/7_328.jpg;270;371;99.33;85.9;8.14;11.54
Maat darbringen;7;290;;383,304,401,332;Chassinat/7_290.jpg;270;371;99.33;58.97;8.14;11.54
;7;239;;404,304,422,332;Chassinat/7_239.jpg;270;371;99.33;32.05;8.14;11.54
;7;328;;362,335,380,363;Chassinat/7_328.jpg;270;371;117.35;85.9;8.14;11.54
Opfergaben herbeitragen;7;289;;383,335,401,363;Chassinat/7_289.jpg;270;371;117.35;58.97;8.14;11.54
Weingarten und Wein darreichen;7;234;;404,335,422,363;Chassinat/7_234.jpg;270;371;117.35;32.05;8.14;11.54
;7;327;;362,366,380,384;Chassinat/7_327.jpg;270;371;132.46;85.9;5.23;11.54
Brot und Bier darbringen;7;288;;383,366,401,384;Chassinat/7_288.jpg;270;371;132.46;58.97;5.23;11.54
Weingarten und Wein darreichen;7;234;;404,366,422,384;Chassinat/7_234.jpg;270;371;132.46;32.05;5.23;11.54
Ober- und Unterägypten darbringen;7;326;;362,387,380,405;Chassinat/7_326.jpg;270;371;144.66;85.9;5.23;11.54
Wein darbringen;7;287;;383,387,401,405;Chassinat/7_287.jpg;270;371;144.66;58.97;5.23;11.54
Ober- und Unterägypten darreichen;7;230;;404,387,422,405;Chassinat/7_230.jpg;270;371;144.66;32.05;5.23;11.54
Mundöffnungszeremonie durchführen;7;325;;362,408,380,435;Chassinat/7_325.jpg;270;371;159.48;85.9;7.85;11.54
Anch-Djed-Was darreichen;7;286;;383,408,401,435;Chassinat/7_286.jpg;270;371;159.48;58.97;7.85;11.54
Ober- und Unterägypten darreichen;7;230;;404,408,422,435;Chassinat/7_230.jpg;270;371;159.48;32.05;7.85;11.54
Myrrhe räuchern;7;324;;362,438,380,464;Chassinat/7_324.jpg;270;371;176.63;85.9;7.55;11.54
Papyruspflanzen und Gänse herbeibringen;7;285;;383,438,401,464;Chassinat/7_285.jpg;270;371;176.63;58.97;7.55;11.54
Milch darbringen;7;226;;404,438,422,464;Chassinat/7_226.jpg;270;371;176.63;32.05;7.55;11.54
Oryx-Antilope töten;7;323;;362,467,380,485;Chassinat/7_323.jpg;270;371;191.16;85.9;5.23;11.54
Milch darbringen;7;284;;383,467,401,485;Chassinat/7_284.jpg;270;371;191.16;58.97;5.23;11.54
Milch darbringen;7;226;;404,467,422,485;Chassinat/7_226.jpg;270;371;191.16;32.05;5.23;11.54
Kleinvieh der Wüste herantreiben;7;322;;362,488,380,504;Chassinat/7_322.jpg;270;371;202.78;85.9;4.65;11.54
Heru-a-Getränk darbringen;7;283;;383,488,401,504;Chassinat/7_283.jpg;270;371;202.78;58.97;4.65;11.54
Rinder herbeiführen;7;220;;404,488,422,504;Chassinat/7_220.jpg;270;371;202.78;32.05;4.65;11.54
Maat darreichen;7;322;;362,507,380,535;Chassinat/7_322.jpg;270;371;217.31;85.9;8.14;11.54
Die beiden Uräusschlangen darbringen;7;282;;383,507,401,535;Chassinat/7_282.jpg;270;371;217.31;58.97;8.14;11.54
Rinder herbeiführen;7;220;;404,507,422,535;Chassinat/7_220.jpg;270;371;217.31;32.05;8.14;11.54
Lotusblüte darreihen;7;321;;362,538,380,556;Chassinat/7_321.jpg;270;371;232.42;85.9;5.23;11.54
Weihräuchern und Libieren;7;282;;383,538,401,556;Chassinat/7_282.jpg;270;371;232.42;58.97;5.23;11.54
Feld darreichen;7;215;;404,538,422,556;Chassinat/7_215.jpg;270;371;232.42;32.05;5.23;11.54
Menit darbringen;7;320;;362,559,380,577;Chassinat/7_320.jpg;270;371;244.62;85.9;5.23;11.54
Bier darbringen;7;281;;383,559,401,578;Chassinat/7_281.jpg;270;371;244.91;58.97;5.52;11.54
Feld darreichen;7;215;;404,559,422,582;Chassinat/7_215.jpg;270;371;246.07;32.05;6.68;11.54
;7;319;;362,580,380,619;Chassinat/7_319.jpg;270;371;262.93;85.9;11.33;11.54
;7;279;;383,580,394,619;Chassinat/7_279.jpg;270;371;262.93;63.46;11.33;7.05
Stoffstreifen darbringen;7;318;;362,622,380,660;Chassinat/7_318.jpg;270;371;287.05;85.9;11.04;11.54
Wein darbringen;7;278;;383,621,401,660;Chassinat/7_278.jpg;270;371;286.75;58.97;11.33;11.54
Speiseopfer herbeitragen;7;214;;404,617,422,660;Chassinat/7_214.jpg;270;371;285.59;32.05;12.49;11.54
Myrrhe darbringen;7;317;;362,663,381,690;Chassinat/7_317.jpg;270;371;307.68;85.26;7.85;12.18
Grüne und schwarze Augenschminke darbringen;7;277;;383,663,401,690;Chassinat/7_277.jpg;270;371;307.68;58.97;7.85;11.54
Ausgewählte Fleischstücke weihen;7;213;;404,663,422,690;Chassinat/7_213.jpg;270;371;307.68;32.05;7.85;11.54
Opferrind töten;7;316;;362,693,380,721;Chassinat/7_316.jpg;270;371;325.4;85.9;8.14;11.54
Heh darbringen;7;276;;383,693,401,721;Chassinat/7_276.jpg;270;371;325.4;58.97;8.14;11.54
Wein darbringen;7;211;;404,693,422,721;Chassinat/7_211.jpg;270;371;325.4;32.05;8.14;11.54
;7;315;;362,724,380,752;Chassinat/7_315.jpg;270;371;343.42;85.9;8.14;11.54
Kranz der Rechtfertigung darbringen;7;275;;383,724,401,752;Chassinat/7_275.jpg;270;371;343.42;58.97;8.14;11.54
Myrrhe darreichen;7;210;;404,724,422,752;Chassinat/7_210.jpg;270;371;343.42;32.05;8.14;11.54
Weihräuchern und Libieren;7;314;;362,755,380,784;Chassinat/7_314.jpg;270;371;361.72;85.9;8.43;11.54
Seth töten;7;274;;383,755,401,784;Chassinat/7_274.jpg;270;371;361.72;58.97;8.43;11.54
Frische Pflanzen darbringen;7;209;;404,755,422,784;Chassinat/7_209.jpg;270;371;361.72;32.05;8.43;11.54
;7;313;;362,787,380,815;Chassinat/7_313.jpg;270;371;380.03;85.9;8.14;11.54
Manchet-Troddel darbringen;7;273;;383,787,401,815;Chassinat/7_273.jpg;270;371;380.03;58.97;8.14;11.54
Gottesopfer reinigen;7;208;;404,787,422,815;Chassinat/7_208.jpg;270;371;380.03;32.05;8.14;11.54
Amulett umbinden;7;312;;362,818,380,836;Chassinat/7_312.jpg;270;371;395.14;85.9;5.23;11.54
Asiaten töten;7;272;;383,817,401,836;Chassinat/7_272.jpg;270;371;394.85;58.97;5.52;11.54
Hetep-di-nesut-Opfer vollziehen;7;207;174;404,818,422,836;Chassinat/7_207.jpg;270;371;395.14;32.05;5.23;11.54
Schildkröte töten;7;311;;362,839,380,869;Chassinat/7_311.jpg;270;371;410.83;85.9;8.72;11.54
Maat darbringen;7;271;;383,839,401,869;Chassinat/7_271.jpg;270;371;410.83;58.97;8.72;11.54
Großes Speiseopfer darbringen;7;206;;404,839,422,869;Chassinat/7_206.jpg;270;371;410.83;32.05;8.72;11.54
Udjat-Auge darreichen;7;311;;362,872,380,891;Chassinat/7_311.jpg;270;371;426.81;85.9;5.52;11.54
Weihrauch darbringen;7;270;;383,872,401,892;Chassinat/7_270.jpg;270;371;427.1;58.97;5.81;11.54
Wasserspende geben;7;205;;404,872,422,894;Chassinat/7_205.jpg;270;371;427.68;32.05;6.39;11.54
Schlachtrind töten;7;309;;362,894,380,925;Chassinat/7_309.jpg;270;371;443.08;85.9;9.01;11.54
Den Gott preisen;7;268;;383,894,395,925;Chassinat/7_268.jpg;270;371;443.08;62.82;9.01;7.69
Kranz der Rechtfertigung darreichen;7;308;;362,928,380,956;Chassinat/7_308.jpg;270;371;461.97;85.9;8.14;11.54
Wein darbringen;7;267;;383,927,401,956;Chassinat/7_267.jpg;270;371;461.68;58.97;8.43;11.54
Weihräuchern;7;203;;404,923,422,956;Chassinat/7_203.jpg;270;371;460.52;32.05;9.59;11.54
Den Nehes (Seth) erstechen;7;308;;362,959,380,978;Chassinat/7_308.jpg;270;371;477.37;85.9;5.52;11.54
Die beiden Udjat-Augen darbringen;7;266;;383,959,401,978;Chassinat/7_266.jpg;270;371;477.37;58.97;5.52;11.54
Mit dem Nemeset-Krug huldigen;7;202;;404,959,422,978;Chassinat/7_202.jpg;270;371;477.37;32.05;5.52;11.54
Sistrum erklingen lassen;7;307;;362,981,380,999;Chassinat/7_307.jpg;270;371;489.87;85.9;5.23;11.54
Menit darbringen;7;265;;383,981,401,999;Chassinat/7_265.jpg;270;371;489.87;58.97;5.23;11.54
Harpune darbringen;7;201;;404,981,422,999;Chassinat/7_201.jpg;270;371;489.87;32.05;5.23;11.54
Stoff darbringen;7;306;;362,1002,380,1032;Chassinat/7_306.jpg;270;371;505.56;85.9;8.72;11.54
Speiseopfer herbeitragen;7;264;;383,1002,401,1032;Chassinat/7_264.jpg;270;371;505.56;58.97;8.72;11.54
Apophis töten;7;200;;404,1002,422,1032;Chassinat/7_200.jpg;270;371;505.56;32.05;8.72;11.54
Sechem- und Sescheschet-Sistrum spielen;7;305;;362,1035,380,1053;Chassinat/7_305.jpg;270;371;521.25;85.9;5.23;11.54
Oryx-Antilope töten;7;263;;383,1035,401,1053;Chassinat/7_263.jpg;270;371;521.25;58.97;5.23;11.54
Heru-a-Getränk darbringen;7;199;172;403,1035,421,1053;Chassinat/7_199.jpg;270;371;521.25;33.33;5.23;11.54
Doppelkrone aufsetzen;7;304;;362,1056,380,1076;Chassinat/7_304.jpg;270;371;534.03;85.9;5.81;11.54
Feinde töten;7;262;;383,1056,401,1076;Chassinat/7_262.jpg;270;371;534.03;58.97;5.81;11.54
Heh darreichen;7;198;;404,1056,422,1076;Chassinat/7_198.jpg;270;371;534.03;32.05;5.81;11.54
Klettergerüst aufstellen;7;304;;362,1079,380,1099;Chassinat/7_304.jpg;270;371;547.4;85.9;5.81;11.54
Schlachtrind töten;7;261;;383,1079,401,1099;Chassinat/7_261.jpg;270;371;547.4;58.97;5.81;11.54
Mekes-Zepter darbringen;7;197;;404,1079,422,1099;Chassinat/7_197.jpg;270;371;547.4;32.05;5.81;11.54
???;7;303;;362,1102,380,1132;Chassinat/7_303.jpg;270;371;563.67;85.9;8.72;11.54
Stoff darbringen;7;260;;383,1102,401,1132;Chassinat/7_260.jpg;270;371;563.67;58.97;8.72;11.54
Die beiden Uräusschlangen darbringen;7;196;;404,1102,422,1132;Chassinat/7_196.jpg;270;371;563.67;32.05;8.72;11.54
Kleiderkästen herbeiziehen;7;302;;362,1135,380,1155;Chassinat/7_302.jpg;270;371;579.94;85.9;5.81;11.54
???;7;159;;383,1135,401,1155;Chassinat/7_159.jpg;270;371;579.94;58.97;5.81;11.54
Maat darreichen;7;194;;404,1135,422,1155;Chassinat/7_194.jpg;270;371;579.94;32.05;5.81;11.54
Amulett des Käfers, Der-das-Werden-liebt, darbringen;7;301;;362,1158,380,1179;Chassinat/7_301.jpg;270;371;593.6;85.9;6.1;11.54
Papyrus darbringen;7;158;;383,1158,401,1179;Chassinat/7_158.jpg;270;371;593.6;58.97;6.1;11.54
Den Gott preisen, viermal;7;193;;404,1158,422,1179;Chassinat/7_193.jpg;270;371;593.6;32.05;6.1;11.54
Feuerbecken aufstellen;7;301;;362,1182,380,1201;Chassinat/7_301.jpg;270;371;606.97;85.9;5.52;11.54
Weihräuchern;7;157;;383,1182,401,1212;Chassinat/7_157.jpg;270;371;610.16;58.97;8.72;11.54
Die Erde küssen;7;192;;404,1182,422,1212;Chassinat/7_192.jpg;270;371;610.16;32.05;8.72;11.54
Heh darbringen;7;300;;362,1204,380,1235;Chassinat/7_300.jpg;270;371;623.24;85.9;9.01;11.54
Den Thronsitz Edfu erbauen;7;299;;362,1238,380,1268;Chassinat/7_299.jpg;270;371;642.71;85.9;8.72;11.54
Den Gott preisen;7;298;;362,1270,380,1302;Chassinat/7_298.jpg;270;371;661.89;85.9;9.3;11.54
Wasserkrug darbringen;7;297;;362,1305,380,1335;Chassinat/7_297.jpg;270;371;681.64;85.9;8.72;11.54
Fest vollziehen;7;296;;362,1338,381,1368;Chassinat/7_296.jpg;270;371;700.82;85.26;8.72;12.18
Sänftenprozession;7;256;;383,1263,401,1335;Chassinat/7_256.jpg;270;371;669.44;58.97;20.92;11.54
Den Gott sehen;7;255;;383,1338,401,1368;Chassinat/7_255.jpg;270;371;700.82;58.97;8.72;11.54
König vorführen;7;192;;404,1263,422,1297;Chassinat/7_192.jpg;270;371;658.4;32.05;9.88;11.54
Den König krönen;7;191;;404,1300,422,1317;Chassinat/7_191.jpg;270;371;674.96;32.05;4.94;11.54
Reinigung des Königs;7;191;;404,1320,422,1342;Chassinat/7_191.jpg;270;371;688.04;32.05;6.39;11.54
Herausgehen aus dem Palast (Iunmutef weihräuchert);7;189;;404,1345,422,1368;Chassinat/7_189.jpg;270;371;702.86;32.05;6.68;11.54
Zwickel;7;331;;46,1373,119,1383;Chassinat/7_331.jpg;90;114;715.35;51.88;2.91;45.63
Zwickel;7;331;;361,1373,436,1383;Chassinat/7_331.jpg;270;371;715.35;50.64;2.91;48.08